parent,name,size,type
MAIN_PYTHON,MAIN_PYTHON_GB_HW_008,13484418,dir
MAIN_PYTHON_GB_HW_008,.git,71978,dir
.git,COMMIT_EDITMSG,11,file
.git,config,314,file
.git,description,73,file
.git,HEAD,21,file
.git,hooks,23513,dir
hooks,applypatch-msg.sample,478,file
hooks,commit-msg.sample,896,file
hooks,fsmonitor-watchman.sample,4726,file
hooks,post-update.sample,189,file
hooks,pre-applypatch.sample,424,file
hooks,pre-commit.sample,1643,file
hooks,pre-merge-commit.sample,416,file
hooks,pre-push.sample,1374,file
hooks,pre-rebase.sample,4898,file
hooks,pre-receive.sample,544,file
hooks,prepare-commit-msg.sample,1492,file
hooks,push-to-checkout.sample,2783,file
hooks,update.sample,3650,file
.git,index,2812,file
.git,info,240,dir
info,exclude,240,file
.git,logs,1145,dir
logs,HEAD,383,file
logs,refs,762,dir
refs,heads,383,dir
heads,main,383,file
refs,remotes,379,dir
remotes,origin,379,dir
origin,HEAD,216,file
origin,main,163,file
.git,objects,43625,dir
objects,01,238,dir
01,f87c1323b977a1f24d8dcfc744cfa1b6eb54d4,238,file
objects,08,202,dir
08,fe4fdc62eca386d4f2084f23bb14adbb4c4b91,202,file
objects,0e,343,dir
0e,fed1f92b91af039131f95d0da95a9544a1c8b3,343,file
objects,10,142,dir
10,5ce2da2d6447d11dfe32bfb846c3d5b199fc99,142,file
objects,13,141,dir
13,566b81b018ad684f3a35fee301741b2734c8f4,141,file
objects,15,36,dir
15,ad8284ce472f5d4169a3967c0ab1ce54b203e3,36,file
objects,17,382,dir
17,600a6b756effe7cff85d398e2487889f2bd58a,382,file
objects,29,1321,dir
29,78869a8ab8d2359ae0ff6a3ac9bc5033da13e2,1321,file
objects,2d,11666,dir
2d,cb2ec5f033ea6be6e5fd6f0520dce5a1982e7e,11666,file
objects,35,140,dir
35,eb1ddfbbc029bcab630581847471d7f238ec53,140,file
objects,3f,1245,dir
3f,ff6c7c93406a38c0ee364821147cf83aaf126c,1245,file
objects,42,1245,dir
42,ef10cc3d4e69b49944bd6fb2ceefa6bd5ffe62,1245,file
objects,45,26,dir
45,b15b3980db21e0f2197158afbba13ba7400a70,26,file
objects,58,255,dir
58,58895508e305b80931024c1b87aa864ac880e5,255,file
objects,5c,56,dir
5c,6c3b02166ecccdb1f752edf6e91353f760501c,56,file
objects,6e,189,dir
6e,d2bf9ed1da1f69aec1e1d9bd68419846c591d9,189,file
objects,74,235,dir
74,d515a027de98657e9d3d5f0f1831882fd81374,235,file
objects,7e,127,dir
7e,3294d4baa88a2625402267aabe58f3399760d3,127,file
objects,97,66,dir
97,824ec9b0149e48c91dce4fee530335b327c686,66,file
objects,b5,70,dir
b5,7793e0636704edc5cc39c7fa2b63b52f201c27,40,file
b5,c4a36dea2906bf00a7c06c50153b15b52ce244,30,file
objects,c4,186,dir
c4,98b83a60473d818791aaf85aa7431577149826,186,file
objects,ca,905,dir
ca,df79adbbe14b0326a68b48efc6f9d4d2cfa30b,905,file
objects,d0,513,dir
d0,c53b8907e4c8107cbd4ea5e6b6fa50f4509477,513,file
objects,de,171,dir
de,a7a424654188eee02b83e1572043f26d920a8d,171,file
objects,df,21,dir
df,8ee4d5ea94052f8e28cfa6c946ed21c27e3960,21,file
objects,e6,15,dir
e6,9de29bb2d1d6434b8b29ae775ad8c2e48c5391,15,file
objects,f9,19518,dir
f9,ecf467d964c779254c3aae62c0fad59786bc2f,19518,file
objects,info,0,dir
objects,pack,4171,dir
pack,pack-6e7b1bb42323718bf0760d3607a50e2381923ca4.idx,1212,file
pack,pack-6e7b1bb42323718bf0760d3607a50e2381923ca4.pack,2959,file
.git,packed-refs,112,file
.git,refs,112,dir
refs,heads,41,dir
heads,main,41,file
refs,remotes,71,dir
remotes,origin,71,dir
origin,HEAD,30,file
origin,main,41,file
refs,tags,0,dir
MAIN_PYTHON_GB_HW_008,.gitignore,3238,file
MAIN_PYTHON_GB_HW_008,.idea,10422,dir
.idea,.gitignore,184,file
.idea,inspectionProfiles,174,dir
inspectionProfiles,profiles_settings.xml,174,file
.idea,MAIN_PYTHON_GB_HW_008.iml,361,file
.idea,misc.xml,213,file
.idea,modules.xml,301,file
.idea,vcs.xml,225,file
.idea,workspace.xml,8964,file
MAIN_PYTHON_GB_HW_008,data_files,230,dir
data_files,data_files2,115,dir
data_files2,memory.txt,6,file
data_files2,picture.jpg,0,file
data_files2,picture.png,0,file
data_files2,table.csv,76,file
data_files2,table_2.csv,23,file
data_files2,text.txt,10,file
data_files,files_33,0,dir
files_33,picture.jpg,0,file
data_files,ory_fn_000.txt,6,file
data_files,picture.jpg,0,file
data_files,picture.png,0,file
data_files,table.csv,76,file
data_files,table_2.csv,23,file
data_files,t_fn_001.txt,10,file
MAIN_PYTHON_GB_HW_008,dirs,0,dir
MAIN_PYTHON_GB_HW_008,hw_pack,9209,dir
hw_pack,dir_info.py,3131,file
hw_pack,seminar_json.py,3377,file
hw_pack,__init__.py,0,file
hw_pack,__pycache__,2701,dir
__pycache__,dir_info.cpython-310.pyc,2540,file
__pycache__,__init__.cpython-310.pyc,161,file
MAIN_PYTHON_GB_HW_008,hw_serialize.py,725,file
MAIN_PYTHON_GB_HW_008,info.csv,36611,file
MAIN_PYTHON_GB_HW_008,info.json,268577,file
MAIN_PYTHON_GB_HW_008,info.pcl,40392,file
MAIN_PYTHON_GB_HW_008,LICENSE,1235,file
MAIN_PYTHON_GB_HW_008,README.md,1044,file
MAIN_PYTHON_GB_HW_008,venv,13040757,dir
venv,.gitignore,42,file
venv,Lib,11634009,dir
Lib,site-packages,11634009,dir
site-packages,distutils-precedence.pth,151,file
site-packages,pip,6847400,dir
pip,py.typed,286,file
pip,_internal,1035611,dir
_internal,build_env.py,10234,file
_internal,cache.py,10734,file
_internal,cli,87806,dir
cli,autocompletion.py,6676,file
cli,base_command.py,7842,file
cli,cmdoptions.py,29381,file
cli,command_context.py,774,file
cli,main.py,2472,file
cli,main_parser.py,4338,file
cli,parser.py,10817,file
cli,progress_bars.py,1968,file
cli,req_command.py,18172,file
cli,spinners.py,5118,file
cli,status_codes.py,116,file
cli,__init__.py,132,file
_internal,commands,119848,dir
commands,cache.py,7582,file
commands,check.py,1685,file
commands,completion.py,4129,file
commands,configuration.py,9815,file
commands,debug.py,6573,file
commands,download.py,5289,file
commands,freeze.py,2951,file
commands,hash.py,1703,file
commands,help.py,1132,file
commands,index.py,4762,file
commands,inspect.py,3374,file
commands,install.py,31726,file
commands,list.py,12343,file
commands,search.py,5697,file
commands,show.py,6129,file
commands,uninstall.py,3680,file
commands,wheel.py,7396,file
commands,__init__.py,3882,file
_internal,configuration.py,13529,file
_internal,distributions,10466,dir
distributions,base.py,1221,file
distributions,installed.py,729,file
distributions,sdist.py,6494,file
distributions,wheel.py,1164,file
distributions,__init__.py,858,file
_internal,exceptions.py,20942,file
_internal,index,60686,dir
index,collector.py,16503,file
index,package_finder.py,37596,file
index,sources.py,6557,file
index,__init__.py,30,file
_internal,locations,34294,dir
locations,base.py,2573,file
locations,_distutils.py,6302,file
locations,_sysconfig.py,7867,file
locations,__init__.py,17552,file
_internal,main.py,340,file
_internal,metadata,59552,dir
metadata,base.py,25277,file
metadata,importlib,17627,dir
importlib,_compat.py,1882,file
importlib,_dists.py,8181,file
importlib,_envs.py,7457,file
importlib,__init__.py,107,file
metadata,pkg_resources.py,9773,file
metadata,_json.py,2595,file
metadata,__init__.py,4280,file
_internal,models,45927,dir
models,candidate.py,990,file
models,direct_url.py,5877,file
models,format_control.py,2520,file
models,index.py,1030,file
models,installation_report.py,2617,file
models,link.py,18083,file
models,scheme.py,738,file
models,search_scope.py,4644,file
models,selection_prefs.py,1907,file
models,target_python.py,3858,file
models,wheel.py,3600,file
models,__init__.py,63,file
_internal,network,52426,dir
network,auth.py,12190,file
network,cache.py,2145,file
network,download.py,6096,file
network,lazy_wheel.py,7638,file
network,session.py,18443,file
network,utils.py,4073,file
network,xmlrpc.py,1791,file
network,__init__.py,50,file
_internal,operations,87624,dir
operations,build,14723,dir
build,build_tracker.py,4133,file
build,metadata.py,1404,file
build,metadata_editable.py,1456,file
build,metadata_legacy.py,2198,file
build,wheel.py,1063,file
build,wheel_editable.py,1405,file
build,wheel_legacy.py,3064,file
build,__init__.py,0,file
operations,check.py,5109,file
operations,freeze.py,9784,file
operations,install,32917,dir
install,editable_legacy.py,1354,file
install,legacy.py,4105,file
install,wheel.py,27407,file
install,__init__.py,51,file
operations,prepare.py,25091,file
operations,__init__.py,0,file
_internal,pyproject.py,7074,file
_internal,req,99567,dir
req,constructors.py,16611,file
req,req_file.py,17646,file
req,req_install.py,35600,file
req,req_set.py,2858,file
req,req_uninstall.py,24045,file
req,__init__.py,2807,file
_internal,resolution,111906,dir
resolution,base.py,583,file
resolution,legacy,24129,dir
legacy,resolver.py,24129,file
legacy,__init__.py,0,file
resolution,resolvelib,87194,dir
resolvelib,base.py,5220,file
resolvelib,candidates.py,18963,file
resolvelib,factory.py,27878,file
resolvelib,found_candidates.py,5705,file
resolvelib,provider.py,9914,file
resolvelib,reporter.py,2526,file
resolvelib,requirements.py,5455,file
resolvelib,resolver.py,11533,file
resolvelib,__init__.py,0,file
resolution,__init__.py,0,file
_internal,self_outdated_check.py,8020,file
_internal,utils,118977,dir
utils,appdirs.py,1665,file
utils,compat.py,1884,file
utils,compatibility_tags.py,5377,file
utils,datetime.py,242,file
utils,deprecation.py,5764,file
utils,direct_url_helpers.py,3206,file
utils,distutils_args.py,1115,file
utils,egg_link.py,2203,file
utils,encoding.py,1169,file
utils,entrypoints.py,3064,file
utils,filesystem.py,5122,file
utils,filetypes.py,716,file
utils,glibc.py,3110,file
utils,hashes.py,4831,file
utils,inject_securetransport.py,795,file
utils,logging.py,11632,file
utils,misc.py,21617,file
utils,models.py,1193,file
utils,packaging.py,2108,file
utils,setuptools_build.py,5662,file
utils,subprocess.py,9197,file
utils,temp_dir.py,7702,file
utils,unpacking.py,8821,file
utils,urls.py,1759,file
utils,virtualenv.py,3459,file
utils,wheel.py,4549,file
utils,_log.py,1015,file
utils,__init__.py,0,file
_internal,vcs,62007,dir
vcs,bazaar.py,3518,file
vcs,git.py,18116,file
vcs,mercurial.py,5238,file
vcs,subversion.py,11728,file
vcs,versioncontrol.py,22811,file
vcs,__init__.py,596,file
_internal,wheel_builder.py,13079,file
_internal,__init__.py,573,file
pip,_vendor,5808504,dir
_vendor,cachecontrol,48131,dir
cachecontrol,adapter.py,5033,file
cachecontrol,cache.py,1535,file
cachecontrol,caches,6546,dir
caches,file_cache.py,5271,file
caches,redis_cache.py,1033,file
caches,__init__.py,242,file
cachecontrol,compat.py,778,file
cachecontrol,controller.py,16416,file
cachecontrol,filewrapper.py,3946,file
cachecontrol,heuristics.py,4154,file
cachecontrol,serialize.py,7105,file
cachecontrol,wrapper.py,774,file
cachecontrol,_cmd.py,1379,file
cachecontrol,__init__.py,465,file
_vendor,certifi,290998,dir
certifi,cacert.pem,286370,file
certifi,core.py,4279,file
certifi,__init__.py,94,file
certifi,__main__.py,255,file
_vendor,chardet,1092504,dir
chardet,big5freq.py,31274,file
chardet,big5prober.py,1741,file
chardet,chardistribution.py,9608,file
chardet,charsetgroupprober.py,3817,file
chardet,charsetprober.py,4801,file
chardet,cli,2406,dir
cli,chardetect.py,2406,file
cli,__init__.py,0,file
chardet,codingstatemachine.py,3559,file
chardet,cp949prober.py,1838,file
chardet,enums.py,1619,file
chardet,escprober.py,3864,file
chardet,escsm.py,12021,file
chardet,eucjpprober.py,3676,file
chardet,euckrfreq.py,13566,file
chardet,euckrprober.py,1731,file
chardet,euctwfreq.py,36913,file
chardet,euctwprober.py,1731,file
chardet,gb2312freq.py,20735,file
chardet,gb2312prober.py,1737,file
chardet,hebrewprober.py,13919,file
chardet,jisfreq.py,25796,file
chardet,johabfreq.py,42498,file
chardet,johabprober.py,1730,file
chardet,jpcntx.py,26797,file
chardet,langbulgarianmodel.py,104562,file
chardet,langgreekmodel.py,98484,file
chardet,langhebrewmodel.py,98196,file
chardet,langhungarianmodel.py,101363,file
chardet,langrussianmodel.py,128035,file
chardet,langthaimodel.py,102774,file
chardet,langturkishmodel.py,95372,file
chardet,latin1prober.py,5260,file
chardet,mbcharsetprober.py,3367,file
chardet,mbcsgroupprober.py,2056,file
chardet,mbcssm.py,30068,file
chardet,metadata,13280,dir
metadata,languages.py,13280,file
metadata,__init__.py,0,file
chardet,sbcharsetprober.py,6199,file
chardet,sbcsgroupprober.py,4129,file
chardet,sjisprober.py,3749,file
chardet,universaldetector.py,13288,file
chardet,utf1632prober.py,8289,file
chardet,utf8prober.py,2709,file
chardet,version.py,242,file
chardet,__init__.py,3705,file
_vendor,colorama,27348,dir
colorama,ansi.py,2522,file
colorama,ansitowin32.py,10830,file
colorama,initialise.py,1915,file
colorama,win32.py,5404,file
colorama,winterm.py,6438,file
colorama,__init__.py,239,file
_vendor,distlib,1139219,dir
distlib,compat.py,41259,file
distlib,database.py,51697,file
distlib,index.py,20834,file
distlib,locators.py,51991,file
distlib,manifest.py,14811,file
distlib,markers.py,5058,file
distlib,metadata.py,39801,file
distlib,resources.py,10820,file
distlib,scripts.py,18102,file
distlib,t32.exe,97792,file
distlib,t64-arm.exe,182784,file
distlib,t64.exe,108032,file
distlib,util.py,66262,file
distlib,version.py,23513,file
distlib,w32.exe,91648,file
distlib,w64-arm.exe,168448,file
distlib,w64.exe,101888,file
distlib,wheel.py,43898,file
distlib,__init__.py,581,file
_vendor,distro,49886,dir
distro,distro.py,48841,file
distro,__init__.py,981,file
distro,__main__.py,64,file
_vendor,idna,270310,dir
idna,codec.py,3374,file
idna,compat.py,321,file
idna,core.py,12950,file
idna,idnadata.py,44375,file
idna,intranges.py,1881,file
idna,package_data.py,21,file
idna,uts46data.py,206539,file
idna,__init__.py,849,file
_vendor,msgpack,42850,dir
msgpack,exceptions.py,1081,file
msgpack,ext.py,6080,file
msgpack,fallback.py,34557,file
msgpack,__init__.py,1132,file
_vendor,packaging,96292,dir
packaging,markers.py,8487,file
packaging,requirements.py,4676,file
packaging,specifiers.py,30110,file
packaging,tags.py,15699,file
packaging,utils.py,4200,file
packaging,version.py,14665,file
packaging,_manylinux.py,11488,file
packaging,_musllinux.py,4378,file
packaging,_structures.py,1431,file
packaging,__about__.py,661,file
packaging,__init__.py,497,file
_vendor,pep517,47390,dir
pep517,build.py,3443,file
pep517,check.py,6083,file
pep517,colorlog.py,3994,file
pep517,dirtools.py,607,file
pep517,envbuild.py,6081,file
pep517,in_process,11673,dir
in_process,_in_process.py,10801,file
in_process,__init__.py,872,file
pep517,meta.py,2520,file
pep517,wrappers.py,12721,file
pep517,_compat.py,138,file
pep517,__init__.py,130,file
_vendor,pkg_resources,108849,dir
pkg_resources,py31compat.py,562,file
pkg_resources,__init__.py,108287,file
_vendor,platformdirs,39067,dir
platformdirs,android.py,4068,file
platformdirs,api.py,4910,file
platformdirs,macos.py,2655,file
platformdirs,unix.py,6910,file
platformdirs,version.py,78,file
platformdirs,windows.py,6439,file
platformdirs,__init__.py,12831,file
platformdirs,__main__.py,1176,file
_vendor,pygments,479266,dir
pygments,cmdline.py,23685,file
pygments,console.py,1697,file
pygments,filter.py,1938,file
pygments,filters,40386,dir
filters,__init__.py,40386,file
pygments,formatter.py,2917,file
pygments,formatters,135976,dir
formatters,bbcode.py,3314,file
formatters,groff.py,5086,file
formatters,html.py,35441,file
formatters,img.py,21938,file
formatters,irc.py,5871,file
formatters,latex.py,19351,file
formatters,other.py,5073,file
formatters,pangomarkup.py,2212,file
formatters,rtf.py,5014,file
formatters,svg.py,7335,file
formatters,terminal.py,4674,file
formatters,terminal256.py,11753,file
formatters,_mapping.py,4104,file
formatters,__init__.py,4810,file
pygments,lexer.py,32005,file
pygments,lexers,134782,dir
lexers,python.py,53376,file
lexers,_mapping.py,70232,file
lexers,__init__.py,11174,file
pygments,modeline.py,986,file
pygments,plugin.py,2591,file
pygments,regexopt.py,3072,file
pygments,scanner.py,3092,file
pygments,sphinxext.py,4630,file
pygments,style.py,6257,file
pygments,styles,3419,dir
styles,__init__.py,3419,file
pygments,token.py,6184,file
pygments,unistring.py,63187,file
pygments,util.py,9110,file
pygments,__init__.py,2999,file
pygments,__main__.py,353,file
_vendor,pyparsing,370049,dir
pyparsing,actions.py,6426,file
pyparsing,common.py,12936,file
pyparsing,core.py,213344,file
pyparsing,diagram,23685,dir
diagram,__init__.py,23685,file
pyparsing,exceptions.py,9023,file
pyparsing,helpers.py,39129,file
pyparsing,results.py,25341,file
pyparsing,testing.py,13402,file
pyparsing,unicode.py,10787,file
pyparsing,util.py,6805,file
pyparsing,__init__.py,9171,file
_vendor,requests,180427,dir
requests,adapters.py,21443,file
requests,api.py,6377,file
requests,auth.py,10187,file
requests,certs.py,575,file
requests,compat.py,1286,file
requests,cookies.py,18560,file
requests,exceptions.py,3823,file
requests,help.py,3879,file
requests,hooks.py,733,file
requests,models.py,35287,file
requests,packages.py,695,file
requests,sessions.py,30180,file
requests,status_codes.py,4235,file
requests,structures.py,2912,file
requests,utils.py,33240,file
requests,_internal_utils.py,1397,file
requests,__init__.py,5178,file
requests,__version__.py,440,file
_vendor,resolvelib,30534,dir
resolvelib,compat,156,dir
compat,collections_abc.py,156,file
compat,__init__.py,0,file
resolvelib,providers.py,5872,file
resolvelib,reporters.py,1583,file
resolvelib,resolvers.py,17592,file
resolvelib,structs.py,4794,file
resolvelib,__init__.py,537,file
_vendor,rich,878477,dir
rich,abc.py,890,file
rich,align.py,10368,file
rich,ansi.py,6820,file
rich,bar.py,3264,file
rich,box.py,9864,file
rich,cells.py,4503,file
rich,color.py,17957,file
rich,color_triplet.py,1054,file
rich,columns.py,7131,file
rich,console.py,95885,file
rich,constrain.py,1288,file
rich,containers.py,5497,file
rich,control.py,6630,file
rich,default_styles.py,7954,file
rich,diagnose.py,972,file
rich,emoji.py,2501,file
rich,errors.py,642,file
rich,filesize.py,2507,file
rich,file_proxy.py,1616,file
rich,highlighter.py,9585,file
rich,json.py,5051,file
rich,jupyter.py,3252,file
rich,layout.py,14074,file
rich,live.py,14172,file
rich,live_render.py,3667,file
rich,logging.py,11471,file
rich,markup.py,8198,file
rich,measure.py,5305,file
rich,padding.py,4970,file
rich,pager.py,828,file
rich,palette.py,3396,file
rich,panel.py,8744,file
rich,pretty.py,36576,file
rich,progress.py,59746,file
rich,progress_bar.py,8161,file
rich,prompt.py,11303,file
rich,protocol.py,1391,file
rich,region.py,166,file
rich,repr.py,4449,file
rich,rule.py,4773,file
rich,scope.py,2842,file
rich,screen.py,1591,file
rich,segment.py,24224,file
rich,spinner.py,4374,file
rich,status.py,4425,file
rich,style.py,26240,file
rich,styled.py,1258,file
rich,syntax.py,34697,file
rich,table.py,39515,file
rich,terminal_theme.py,3370,file
rich,text.py,44666,file
rich,theme.py,3627,file
rich,themes.py,102,file
rich,traceback.py,26060,file
rich,tree.py,9169,file
rich,_cell_widths.py,10096,file
rich,_emoji_codes.py,140235,file
rich,_emoji_replace.py,1064,file
rich,_export_format.py,2114,file
rich,_extension.py,265,file
rich,_inspect.py,9695,file
rich,_log_render.py,3225,file
rich,_loop.py,1236,file
rich,_palettes.py,7063,file
rich,_pick.py,423,file
rich,_ratio.py,5472,file
rich,_spinners.py,19919,file
rich,_stack.py,351,file
rich,_timer.py,417,file
rich,_win32_console.py,22820,file
rich,_windows.py,1926,file
rich,_windows_renderer.py,2783,file
rich,_wrap.py,1840,file
rich,__init__.py,5944,file
rich,__main__.py,8808,file
_vendor,six.py,34549,file
_vendor,tenacity,50281,dir
tenacity,after.py,1496,file
tenacity,before.py,1376,file
tenacity,before_sleep.py,1908,file
tenacity,nap.py,1383,file
tenacity,retry.py,7550,file
tenacity,stop.py,2790,file
tenacity,tornadoweb.py,2145,file
tenacity,wait.py,8011,file
tenacity,_asyncio.py,3314,file
tenacity,_utils.py,1944,file
tenacity,__init__.py,18364,file
_vendor,tomli,26226,dir
tomli,_parser.py,22633,file
tomli,_re.py,2943,file
tomli,_types.py,254,file
tomli,__init__.py,396,file
_vendor,typing_extensions.py,80114,file
_vendor,urllib3,388569,dir
urllib3,connection.py,20070,file
urllib3,connectionpool.py,39093,file
urllib3,contrib,106810,dir
contrib,appengine.py,11034,file
contrib,ntlmpool.py,4538,file
contrib,pyopenssl.py,17182,file
contrib,securetransport.py,34448,file
contrib,socks.py,7097,file
contrib,_appengine_environ.py,957,file
contrib,_securetransport,31554,dir
_securetransport,bindings.py,17632,file
_securetransport,low_level.py,13922,file
_securetransport,__init__.py,0,file
contrib,__init__.py,0,file
urllib3,exceptions.py,8217,file
urllib3,fields.py,8579,file
urllib3,filepost.py,2440,file
urllib3,packages,36082,dir
packages,backports,1417,dir
backports,makefile.py,1417,file
backports,__init__.py,0,file
packages,six.py,34665,file
packages,__init__.py,0,file
urllib3,poolmanager.py,19786,file
urllib3,request.py,5985,file
urllib3,response.py,30109,file
urllib3,util,97190,dir
util,connection.py,4901,file
util,proxy.py,1605,file
util,queue.py,498,file
util,request.py,3997,file
util,response.py,3510,file
util,retry.py,22001,file
util,ssltransport.py,6895,file
util,ssl_.py,17177,file
util,ssl_match_hostname.py,5758,file
util,timeout.py,10003,file
util,url.py,14287,file
util,wait.py,5403,file
util,__init__.py,1155,file
urllib3,_collections.py,10811,file
urllib3,_version.py,64,file
urllib3,__init__.py,3333,file
_vendor,vendor.txt,469,file
_vendor,webencodings,31733,dir
webencodings,labels.py,8979,file
webencodings,mklabels.py,1305,file
webencodings,tests.py,6563,file
webencodings,x_user_defined.py,4307,file
webencodings,__init__.py,10579,file
_vendor,__init__.py,4966,file
pip,__init__.py,357,file
pip,__main__.py,1198,file
pip,__pip-runner__.py,1444,file
site-packages,pip-22.3.1.dist-info,76670,dir
pip-22.3.1.dist-info,entry_points.txt,125,file
pip-22.3.1.dist-info,INSTALLER,5,file
pip-22.3.1.dist-info,LICENSE.txt,1093,file
pip-22.3.1.dist-info,METADATA,4072,file
pip-22.3.1.dist-info,RECORD,71279,file
pip-22.3.1.dist-info,top_level.txt,4,file
pip-22.3.1.dist-info,WHEEL,92,file
site-packages,pip-22.3.1.virtualenv,0,file
site-packages,pkg_resources,1510808,dir
pkg_resources,extern,5377,dir
extern,__init__.py,2426,file
extern,__pycache__,2951,dir
__pycache__,__init__.cpython-310.pyc,2951,file
pkg_resources,_vendor,1296297,dir
_vendor,appdirs.py,24701,file
_vendor,importlib_resources,25123,dir
importlib_resources,abc.py,3886,file
importlib_resources,readers.py,3566,file
importlib_resources,simple.py,2836,file
importlib_resources,_adapters.py,4504,file
importlib_resources,_common.py,2741,file
importlib_resources,_compat.py,2706,file
importlib_resources,_itertools.py,884,file
importlib_resources,_legacy.py,3494,file
importlib_resources,__init__.py,506,file
_vendor,jaraco,76306,dir
jaraco,context.py,5420,file
jaraco,functools.py,13515,file
jaraco,text,35200,dir
text,__init__.py,15526,file
text,__pycache__,19674,dir
__pycache__,__init__.cpython-310.pyc,19674,file
jaraco,__init__.py,0,file
jaraco,__pycache__,22171,dir
__pycache__,context.cpython-310.pyc,6337,file
__pycache__,functools.cpython-310.pyc,15629,file
__pycache__,__init__.cpython-310.pyc,205,file
_vendor,more_itertools,294736,dir
more_itertools,more.py,132569,file
more_itertools,recipes.py,18410,file
more_itertools,__init__.py,83,file
more_itertools,__pycache__,143674,dir
__pycache__,more.cpython-310.pyc,123053,file
__pycache__,recipes.cpython-310.pyc,20341,file
__pycache__,__init__.cpython-310.pyc,280,file
_vendor,packaging,175646,dir
packaging,markers.py,8496,file
packaging,requirements.py,4706,file
packaging,specifiers.py,30110,file
packaging,tags.py,15699,file
packaging,utils.py,4200,file
packaging,version.py,14665,file
packaging,_manylinux.py,11488,file
packaging,_musllinux.py,4378,file
packaging,_structures.py,1431,file
packaging,__about__.py,661,file
packaging,__init__.py,497,file
packaging,__pycache__,79315,dir
__pycache__,markers.cpython-310.pyc,9311,file
__pycache__,requirements.cpython-310.pyc,3999,file
__pycache__,specifiers.cpython-310.pyc,21542,file
__pycache__,tags.cpython-310.pyc,12205,file
__pycache__,utils.cpython-310.pyc,3590,file
__pycache__,version.cpython-310.pyc,12940,file
__pycache__,_manylinux.cpython-310.pyc,7315,file
__pycache__,_musllinux.cpython-310.pyc,4627,file
__pycache__,_structures.cpython-310.pyc,2720,file
__pycache__,__about__.cpython-310.pyc,605,file
__pycache__,__init__.cpython-310.pyc,461,file
_vendor,pyparsing,670903,dir
pyparsing,actions.py,6426,file
pyparsing,common.py,12936,file
pyparsing,core.py,213310,file
pyparsing,diagram,23668,dir
diagram,__init__.py,23668,file
pyparsing,exceptions.py,9023,file
pyparsing,helpers.py,39129,file
pyparsing,results.py,25341,file
pyparsing,testing.py,13402,file
pyparsing,unicode.py,10787,file
pyparsing,util.py,6805,file
pyparsing,__init__.py,9159,file
pyparsing,__pycache__,300917,dir
__pycache__,actions.cpython-310.pyc,7194,file
__pycache__,common.cpython-310.pyc,10120,file
__pycache__,core.cpython-310.pyc,176437,file
__pycache__,exceptions.cpython-310.pyc,9078,file
__pycache__,helpers.cpython-310.pyc,35355,file
__pycache__,results.cpython-310.pyc,24796,file
__pycache__,testing.cpython-310.pyc,12112,file
__pycache__,unicode.cpython-310.pyc,10073,file
__pycache__,util.cpython-310.pyc,8620,file
__pycache__,__init__.cpython-310.pyc,7132,file
_vendor,zipp.py,8425,file
_vendor,__init__.py,0,file
_vendor,__pycache__,20457,dir
__pycache__,appdirs.cpython-310.pyc,20259,file
__pycache__,__init__.cpython-310.pyc,198,file
pkg_resources,__init__.py,108568,file
pkg_resources,__pycache__,100566,dir
__pycache__,__init__.cpython-310.pyc,100566,file
site-packages,setuptools,3027307,dir
setuptools,archive_util.py,7346,file
setuptools,build_meta.py,19539,file
setuptools,cli-32.exe,65536,file
setuptools,cli-64.exe,74752,file
setuptools,cli-arm64.exe,137216,file
setuptools,cli.exe,65536,file
setuptools,command,267898,dir
command,alias.py,2381,file
command,bdist_egg.py,16623,file
command,bdist_rpm.py,1182,file
command,build.py,6589,file
command,build_clib.py,4415,file
command,build_ext.py,15821,file
command,build_py.py,14115,file
command,develop.py,7012,file
command,dist_info.py,4800,file
command,easy_install.py,85662,file
command,editable_wheel.py,31188,file
command,egg_info.py,26795,file
command,install.py,5163,file
command,install_egg_info.py,2226,file
command,install_lib.py,3875,file
command,install_scripts.py,2612,file
command,launcher manifest.xml,628,file
command,py36compat.py,4946,file
command,register.py,468,file
command,rotate.py,2128,file
command,saveopts.py,658,file
command,sdist.py,7071,file
command,setopt.py,5086,file
command,test.py,8102,file
command,upload.py,462,file
command,upload_docs.py,7494,file
command,__init__.py,396,file
setuptools,config,369045,dir
config,expand.py,16319,file
config,pyprojecttoml.py,19304,file
config,setupcfg.py,25198,file
config,_apply_pyprojecttoml.py,13398,file
config,_validate_pyproject,293705,dir
_validate_pyproject,error_reporting.py,11266,file
_validate_pyproject,extra_validations.py,1153,file
_validate_pyproject,fastjsonschema_exceptions.py,1612,file
_validate_pyproject,fastjsonschema_validations.py,269900,file
_validate_pyproject,formats.py,8736,file
_validate_pyproject,__init__.py,1038,file
config,__init__.py,1121,file
setuptools,depends.py,5499,file
setuptools,dep_util.py,949,file
setuptools,discovery.py,20799,file
setuptools,dist.py,45578,file
setuptools,errors.py,2464,file
setuptools,extension.py,5591,file
setuptools,extern,2512,dir
extern,__init__.py,2512,file
setuptools,glob.py,4873,file
setuptools,gui-32.exe,65536,file
setuptools,gui-64.exe,75264,file
setuptools,gui-arm64.exe,137728,file
setuptools,gui.exe,65536,file
setuptools,installer.py,3824,file
setuptools,launch.py,812,file
setuptools,logging.py,1210,file
setuptools,monkey.py,4857,file
setuptools,msvc.py,47724,file
setuptools,namespaces.py,3093,file
setuptools,package_index.py,40329,file
setuptools,py34compat.py,245,file
setuptools,sandbox.py,14348,file
setuptools,script (dev).tmpl,218,file
setuptools,script.tmpl,138,file
setuptools,unicode_utils.py,941,file
setuptools,version.py,144,file
setuptools,wheel.py,8376,file
setuptools,windows_support.py,718,file
setuptools,_deprecation_warning.py,218,file
setuptools,_distutils,604933,dir
_distutils,archive_util.py,8603,file
_distutils,bcppcompiler.py,14789,file
_distutils,ccompiler.py,47369,file
_distutils,cmd.py,17973,file
_distutils,command,208459,dir
command,bdist.py,5441,file
command,bdist_dumb.py,4701,file
command,bdist_rpm.py,22051,file
command,build.py,5617,file
command,build_clib.py,7728,file
command,build_ext.py,31558,file
command,build_py.py,16568,file
command,build_scripts.py,5624,file
command,check.py,4888,file
command,clean.py,2603,file
command,config.py,13137,file
command,install.py,30221,file
command,install_data.py,2779,file
command,install_egg_info.py,2785,file
command,install_headers.py,1189,file
command,install_lib.py,8434,file
command,install_scripts.py,1936,file
command,py37compat.py,672,file
command,register.py,11765,file
command,sdist.py,19241,file
command,upload.py,7477,file
command,_framework_compat.py,1614,file
command,__init__.py,430,file
_distutils,config.py,4920,file
_distutils,core.py,9451,file
_distutils,cygwinccompiler.py,12537,file
_distutils,debug.py,139,file
_distutils,dep_util.py,3423,file
_distutils,dir_util.py,8082,file
_distutils,dist.py,50186,file
_distutils,errors.py,3589,file
_distutils,extension.py,10270,file
_distutils,fancy_getopt.py,17910,file
_distutils,filelist.py,13713,file
_distutils,file_util.py,8226,file
_distutils,log.py,1972,file
_distutils,msvc9compiler.py,30235,file
_distutils,msvccompiler.py,23602,file
_distutils,py38compat.py,217,file
_distutils,py39compat.py,639,file
_distutils,spawn.py,3517,file
_distutils,sysconfig.py,18858,file
_distutils,text_file.py,12096,file
_distutils,unixccompiler.py,15641,file
_distutils,util.py,18128,file
_distutils,version.py,12952,file
_distutils,versionpredicate.py,5248,file
_distutils,_collections.py,1330,file
_distutils,_functools.py,411,file
_distutils,_macos_compat.py,239,file
_distutils,_msvccompiler.py,19672,file
_distutils,__init__.py,537,file
setuptools,_entry_points.py,1972,file
setuptools,_imp.py,2392,file
setuptools,_importlib.py,1311,file
setuptools,_itertools.py,675,file
setuptools,_path.py,749,file
setuptools,_reqs.py,501,file
setuptools,_vendor,839953,dir
_vendor,importlib_metadata,42846,dir
importlib_metadata,_adapters.py,1862,file
importlib_metadata,_collections.py,743,file
importlib_metadata,_compat.py,1828,file
importlib_metadata,_functools.py,2895,file
importlib_metadata,_itertools.py,2068,file
importlib_metadata,_meta.py,1154,file
importlib_metadata,_text.py,2166,file
importlib_metadata,__init__.py,30130,file
_vendor,importlib_resources,25123,dir
importlib_resources,abc.py,3886,file
importlib_resources,readers.py,3566,file
importlib_resources,simple.py,2836,file
importlib_resources,_adapters.py,4504,file
importlib_resources,_common.py,2741,file
importlib_resources,_compat.py,2706,file
importlib_resources,_itertools.py,884,file
importlib_resources,_legacy.py,3494,file
importlib_resources,__init__.py,506,file
_vendor,jaraco,34449,dir
jaraco,context.py,5420,file
jaraco,functools.py,13512,file
jaraco,text,15517,dir
text,__init__.py,15517,file
jaraco,__init__.py,0,file
_vendor,more_itertools,134297,dir
more_itertools,more.py,117959,file
more_itertools,recipes.py,16256,file
more_itertools,__init__.py,82,file
_vendor,ordered_set.py,15130,file
_vendor,packaging,96322,dir
packaging,markers.py,8493,file
packaging,requirements.py,4700,file
packaging,specifiers.py,30110,file
packaging,tags.py,15699,file
packaging,utils.py,4200,file
packaging,version.py,14665,file
packaging,_manylinux.py,11488,file
packaging,_musllinux.py,4378,file
packaging,_structures.py,1431,file
packaging,__about__.py,661,file
packaging,__init__.py,497,file
_vendor,pyparsing,369986,dir
pyparsing,actions.py,6426,file
pyparsing,common.py,12936,file
pyparsing,core.py,213310,file
pyparsing,diagram,23668,dir
diagram,__init__.py,23668,file
pyparsing,exceptions.py,9023,file
pyparsing,helpers.py,39129,file
pyparsing,results.py,25341,file
pyparsing,testing.py,13402,file
pyparsing,unicode.py,10787,file
pyparsing,util.py,6805,file
pyparsing,__init__.py,9159,file
_vendor,tomli,26226,dir
tomli,_parser.py,22633,file
tomli,_re.py,2943,file
tomli,_types.py,254,file
tomli,__init__.py,396,file
_vendor,typing_extensions.py,87149,file
_vendor,zipp.py,8425,file
_vendor,__init__.py,0,file
setuptools,__init__.py,8429,file
site-packages,setuptools-65.5.1.dist-info,45895,dir
setuptools-65.5.1.dist-info,entry_points.txt,2740,file
setuptools-65.5.1.dist-info,INSTALLER,5,file
setuptools-65.5.1.dist-info,LICENSE,1050,file
setuptools-65.5.1.dist-info,METADATA,6311,file
setuptools-65.5.1.dist-info,RECORD,35656,file
setuptools-65.5.1.dist-info,top_level.txt,41,file
setuptools-65.5.1.dist-info,WHEEL,92,file
site-packages,setuptools-65.5.1.virtualenv,0,file
site-packages,wheel,95910,dir
wheel,bdist_wheel.py,19293,file
wheel,cli,15853,dir
cli,convert.py,9427,file
cli,pack.py,3383,file
cli,unpack.py,659,file
cli,__init__.py,2384,file
wheel,macosx_libfile.py,16145,file
wheel,metadata.py,3727,file
wheel,util.py,621,file
wheel,vendored,31475,dir
vendored,packaging,31475,dir
packaging,tags.py,15612,file
packaging,_manylinux.py,11489,file
packaging,_musllinux.py,4374,file
packaging,__init__.py,0,file
vendored,__init__.py,0,file
wheel,wheelfile.py,7536,file
wheel,_setuptools_logging.py,746,file
wheel,__init__.py,59,file
wheel,__main__.py,455,file
site-packages,wheel-0.38.4.dist-info,6262,dir
wheel-0.38.4.dist-info,entry_points.txt,107,file
wheel-0.38.4.dist-info,INSTALLER,5,file
wheel-0.38.4.dist-info,LICENSE.txt,1107,file
wheel-0.38.4.dist-info,METADATA,2110,file
wheel-0.38.4.dist-info,RECORD,2835,file
wheel-0.38.4.dist-info,top_level.txt,6,file
wheel-0.38.4.dist-info,WHEEL,92,file
site-packages,wheel-0.38.4.virtualenv,0,file
site-packages,_distutils_hack,13762,dir
_distutils_hack,override.py,44,file
_distutils_hack,__init__.py,6128,file
_distutils_hack,__pycache__,7590,dir
__pycache__,__init__.cpython-310.pyc,7590,file
site-packages,_virtualenv.pth,18,file
site-packages,_virtualenv.py,5770,file
site-packages,__pycache__,4056,dir
__pycache__,_virtualenv.cpython-310.pyc,4056,file
venv,pyvenv.cfg,411,file
venv,Scripts,1406295,dir
Scripts,activate,2176,file
Scripts,activate.bat,1029,file
Scripts,activate.fish,3053,file
Scripts,activate.nu,2625,file
Scripts,activate.ps1,1758,file
Scripts,activate_this.py,1169,file
Scripts,deactivate.bat,511,file
Scripts,deactivate.nu,682,file
Scripts,pip-3.10.exe,108431,file
Scripts,pip.exe,108431,file
Scripts,pip3.10.exe,108431,file
Scripts,pip3.exe,108431,file
Scripts,pydoc.bat,24,file
Scripts,python.exe,268568,file
Scripts,pythonw.exe,257304,file
Scripts,wheel-3.10.exe,108418,file
Scripts,wheel.exe,108418,file
Scripts,wheel3.10.exe,108418,file
Scripts,wheel3.exe,108418,file
